Sección,Pregunta,Respuesta,Fuente
Postres,"Refiere a una bebida color blanca que se sirve en un vaso transparente, tiene sabor a vainilla dulce y deliciosa con una base de leche cremosa y dulce:",Malteada sabor vainilla,Gui?a de estudio para entrenador 2024.pdf
Postres,¿Cuáles son las características de calidad de los pays?,"Corteza dorada, crujiente y con burbujas",Gui?a de estudio para entrenador 2024.pdf
Postres,¿Cuál es el peso de la mezcla de helado de un cono sencillo?,3 oz,Gui?a de estudio para entrenador 2024.pdf
Postres,¿Cuál es el peso de la mezcla de helado de un cono doble?,4 oz,Gui?a de estudio para entrenador 2024.pdf
Postres,¿Cuál debe ser la altura de un cono sencillo?,3 pulg,Gui?a de estudio para entrenador 2024.pdf
Postres,¿Cuántas vueltas de mezcla de helado tiene un cono sencillo?,3 vueltas y 1 pico.,Gui?a de estudio para entrenador 2024.pdf
Postres,¿Cuál es el peso de la mezcla de helado de un McFlurry?,5 oz,Gui?a de estudio para entrenador 2024.pdf
Postres,¿Cuál es el peso de la mezcla de helado de una malteada de 12 oz?,6 oz,Gui?a de estudio para entrenador 2024.pdf
Postres,¿Cuál es el peso de la mezcla de helado de una malteada de 16 oz?,9 oz,Gui?a de estudio para entrenador 2024.pdf
Postres,¿Cuál es la cantidad de topping que contiene un sundae?,1 oz,Gui?a de estudio para entrenador 2024.pdf
Postres,¿Cuál es la velocidad de salida de la mezcla de helado para calibración de la máquina de batidos?,5 a 7.5 oz por cada 10 seg,Gui?a de estudio para entrenador 2024.pdf
Postres,¿Cuál es el rendimiento de la mezcla de helados?,8 a 8.5 sundae por litro,Gui?a de estudio para entrenador 2024.pdf
Postres,¿Cuál es la temperatura de salida de la mezcla de helados?,16?F a 18?F,Gui?a de estudio para entrenador 2024.pdf
Postres,¿Cuál es la temperatura de la mezcla de helado en la tolva de la máquina?,34?F a 40?F,Gui?a de estudio para entrenador 2024.pdf
Postres,¿Cuál es la temperatura de extracción de los toppings para sundae?,115?F a 125?F,Gui?a de estudio para entrenador 2024.pdf
Postres,¿Cuál es la temperatura del baño maría de los toppings para sundae?,135?F a 145?F,Gui?a de estudio para entrenador 2024.pdf
Postres,¿Cuál es el tiempo de recuperación de la máquina de helados?,15 min,Gui?a de estudio para entrenador 2024.pdf
Postres,¿Cuál es rendimiento del topping para sundae?,117 a 122 sundaes,Gui?a de estudio para entrenador 2024.pdf
Postres,¿Cuál es el tiempo cocción de los pays?,6 min,Gui?a de estudio para entrenador 2024.pdf
Postres,¿Cuál es la temperatura de la freidora para cocinar los pays?,360?F,Gui?a de estudio para entrenador 2024.pdf
Postres,El tamaño de la tanda completa para cocinar pays es:,16 Pays,Gui?a de estudio para entrenador 2024.pdf
Postres,¿Cuál es tiempo de enfriamiento de los pays después de ser cocinados?,20 min,Gui?a de estudio para entrenador 2024.pdf
Postres,¿Cuál es el tiempo de calentamiento de la vitrina de pays?,60 min,Gui?a de estudio para entrenador 2024.pdf
Postres,¿Cuántas vueltas de mezcla de helado se completa un sundae?,4 vueltas,Gui?a de estudio para entrenador 2024.pdf
Postres,¿Cuántas vueltas de mezcla de helado se completa un McFlurry?,5 vueltas,Gui?a de estudio para entrenador 2024.pdf
Postres,¿Cuántas vueltas de mezcla de helado se completa una malteada de 16 oz?,7 vueltas 1/2,Gui?a de estudio para entrenador 2024.pdf
Postres,¿Cuántas vueltas de mezcla de helado se completa una malteada de 12 oz?,5 vueltas 1/2,Gui?a de estudio para entrenador 2024.pdf
Desayunos,¿Cuál es la temperatura interna mínima en la que se deben de mantener los productos en el UHC?,140?F,Gui?a de estudio para entrenador 2024.pdf
Desayunos,¿Cuál es el tiempo de espera máximo de la papa hash brown?,10 min,Gui?a de estudio para entrenador 2024.pdf
Desayunos,¿Cuál es tiempo de cocción de la papa hash brown?,2 min 45 seg,Gui?a de estudio para entrenador 2024.pdf
Desayunos,¿Cuál es la tanda máxima para producir papa hash brown?,8 por cesta,Gui?a de estudio para entrenador 2024.pdf
Desayunos,¿Cuál es tiempo de calentamiento de la parrilla para el período de desayunos?,20 min,Gui?a de estudio para entrenador 2024.pdf
Desayunos,¿Cuál es la temperatura de la parrilla para cocinar huevo?,275?F,Gui?a de estudio para entrenador 2024.pdf
Desayunos,¿Cuál es la tanda completa para cocinar huevos revueltos?,4 porciones,Gui?a de estudio para entrenador 2024.pdf
Desayunos,¿Cuál es tipo de bandeja para almacenar productos de huevo en el UHC?,Bandeja de 1/3 con linner,Gui?a de estudio para entrenador 2024.pdf
Desayunos,¿Cuál es la temperatura del UHC en el período de desayuno?,175?F,Gui?a de estudio para entrenador 2024.pdf
Desayunos,¿Cuál es tiempo de cocción del huevo revuelto/mexicano/con jamón?,"40 seg, incluye los 10 seg de reposo",Gui?a de estudio para entrenador 2024.pdf
Desayunos,¿Cuál es el tiempo de cocción del huevo doblado?,80 seg,Gui?a de estudio para entrenador 2024.pdf
Desayunos,¿Cuál es el tiempo de calentamiento de la tortilla de harina?,15 seg de cada lado,Gui?a de estudio para entrenador 2024.pdf
Desayunos,¿Cuál es el tiempo de cocción de la mezcla de burrito?,120 seg,Gui?a de estudio para entrenador 2024.pdf
Desayunos,¿Cuál es el tiempo de cocción de Hot Cakes?,140 seg (90 seg el primer lado y 50 seg el segundo lado),Gui?a de estudio para entrenador 2024.pdf
Desayunos,¿Cuál es el tiempo de cocción de la salchicha?,82 seg,Gui?a de estudio para entrenador 2024.pdf
Desayunos,¿Cuál es el tiempo de cocción del tocino?,120 seg a 140 seg,Gui?a de estudio para entrenador 2024.pdf
Desayunos,¿Cuál es el tiempo de cocción de molletes en el tostador de muffin?,15 seg,Gui?a de estudio para entrenador 2024.pdf
Desayunos,¿Cuál es el tiempo de cocción del pan muffin de 1 a 3 pzas?,50 a 55 seg,Gui?a de estudio para entrenador 2024.pdf
Desayunos,¿Cuál es el tiempo de cocción del pan muffin de 4 a 6 pzas?,55 a 70 seg,Gui?a de estudio para entrenador 2024.pdf
Desayunos,¿Cuál es la temperatura de la parrilla para la cocción de Hot Cakes?,375?F,Gui?a de estudio para entrenador 2024.pdf
Desayunos,¿Cuál es la tanda completa para producción de mezcla de burrito mexicano?,6 McBurritos,Gui?a de estudio para entrenador 2024.pdf
Desayunos,¿Cuál es la tanda completa para producción de salchicha?,8 salchichas,Gui?a de estudio para entrenador 2024.pdf
Desayunos,¿Cuál es la tanda completa para producción de tocino?,1 linner (20 tiras),Gui?a de estudio para entrenador 2024.pdf
Desayunos,¿Cuál es la tanda completa para producción de molletes?,6 pzas,Gui?a de estudio para entrenador 2024.pdf
Desayunos,¿Cuál es la tanda completa para producción de pan muffin?,6 pzas,Gui?a de estudio para entrenador 2024.pdf
Desayunos,¿Cuál es el tiempo de almacenamiento en UHC del McBurrito mexicano?,30 min,Gui?a de estudio para entrenador 2024.pdf
Desayunos,"¿Cuál es el tiempo de almacenamiento en UHC del huevo revuelto, pochado y doblado?",20 min,Gui?a de estudio para entrenador 2024.pdf
Desayunos,¿Cuál es el tiempo de almacenamiento en UHC de los Hot Cakes?,20 min,Gui?a de estudio para entrenador 2024.pdf
Desayunos,¿Cuál es el tiempo de almacenamiento en UHC de los molletes y pan muffin?,20 min,Gui?a de estudio para entrenador 2024.pdf
Desayunos,¿Cuál es el tiempo de vida secundario del tocino?,30 dias en refrigeración/6 hrs ya cocinado,Gui?a de estudio para entrenador 2024.pdf
Desayunos,¿Cuál es el tiempo de almacenamiento en UHC de los frijoles?,"Todo el periodo de desayunos, hidratando cada hora",Gui?a de estudio para entrenador 2024.pdf
Desayunos,¿Cuál es tiempo de vida del huevo en cascaron sanitizado a temperatura ambiente?,30 min,Gui?a de estudio para entrenador 2024.pdf
Desayunos,¿Cuál es el tiempo de vida del huevo batido en refrigeración?,2 hrs,Gui?a de estudio para entrenador 2024.pdf
Desayunos,¿Cuál es el tiempo de vida del huevo batido en temperatura ambiente?,30 min,Gui?a de estudio para entrenador 2024.pdf
Desayunos,¿Cuál es la cantidad de huevo para preparar 1 burrito a la mexicana?,2.6 oz de huevo,Gui?a de estudio para entrenador 2024.pdf
Desayunos,¿Cuál es la cantidad de huevo para preparar 2 burritos a la mexicana?,5.3 oz de huevo,Gui?a de estudio para entrenador 2024.pdf
Desayunos,¿Cuál es el tiempo de vida del lomo en el UHC?,30 min,Gui?a de estudio para entrenador 2024.pdf
Desayunos,¿Cuál es el tiempo de vida del lomo una vez abierto el paquete?,3 dias,Gui?a de estudio para entrenador 2024.pdf
Desayunos,¿Cuál es el tiempo de vida secundario de la mantequilla en la parrilla?,Todo el dia,Gui?a de estudio para entrenador 2024.pdf
Desayunos,¿En dónde se almacena la mezcla de Hot Cakes en el período de desayuno?,En el refrigerador ubicado debajo de la mesa de aderezo,Gui?a de estudio para entrenador 2024.pdf
Desayunos,¿Cuál es el tiempo de vida de la mezcla de Hot Cakes en el dispensador?,2 hrs,Gui?a de estudio para entrenador 2024.pdf
Desayunos,¿Cuál es el tiempo de vida secundario del pan muffin?,48 hrs,Gui?a de estudio para entrenador 2024.pdf
Desayunos,¿Cuál es el tiempo de descongelación del pan muffin?,18 hrs,Gui?a de estudio para entrenador 2024.pdf
Desayunos,¿Cuál es el tiempo de vida de la mezcla pico de gallo en la mesa de preparación y/o cambro?,2 hrs,Gui?a de estudio para entrenador 2024.pdf
Desayunos,¿Cuál es el tiempo de vida en la mesa de preparación del queso cheddar bianco?,2 hrs,Gui?a de estudio para entrenador 2024.pdf
Desayunos,¿Cuál es el tiempo de vida de la salchicha en el congelador de pared?,2 hrs,Gui?a de estudio para entrenador 2024.pdf
Desayunos,¿Cuál es el tiempo de vida secundario de la tortillina?,3 días,Gui?a de estudio para entrenador 2024.pdf
Desayunos,¿Cuál es la temperatura del agua para preparar la solución con sanitizante para los trapos limpios?,85?F a 105?F,Gui?a de estudio para entrenador 2024.pdf
Desayunos,¿Cuál es la temperatura ideal para lavar los trapos de parrilla?,120?F a 150?F,Gui?a de estudio para entrenador 2024.pdf
Desayunos,¿Cuál es la relación de vegetales para preparar la mezcla de pico de gallo?,2 bolsas de jitomate + 1 bolsa de cebolla + 1 bolsa de chile,Gui?a de estudio para entrenador 2024.pdf
Desayunos,"¿Cuál es el tiempo de reposo, de los frijoles, en la bandeja de 1/3 fondo alto antes de servir?",15 min,Gui?a de estudio para entrenador 2024.pdf
Desayunos,¿Cuál es tiempo de vida de los frijoles para molletes en la mesa de preparación?,60 min,Gui?a de estudio para entrenador 2024.pdf
Desayunos,"¿Cuál es la cantidad de agua fría que se requiere para realizar la mezcla de Hot Cakes, para un paquete de 38.5 oz de harina?",48 oz,Gui?a de estudio para entrenador 2024.pdf
Desayunos,¿Qué cantidad de frijoles se utilizan para preparar los molletes?,1 oz,Gui?a de estudio para entrenador 2024.pdf
Desayunos,¿Qué cantidad de frijoles se utilizan para preparar un muffin mexicano?,2/3 oz,Gui?a de estudio para entrenador 2024.pdf
Desayunos,¿Cuántos minutos se debe batir la mezcla de Hot Cakes para preparar la mezcla?,2 min,Gui?a de estudio para entrenador 2024.pdf
Desayunos,"¿Cuál es el tiempo que debe reposar la mezcla de Hot Cakes, en refrigeración, antes de su cocción?",10 min,Gui?a de estudio para entrenador 2024.pdf
Desayunos,¿Cuál es el tiempo de vida primario de la papa hash brown?,180 días,Gui?a de estudio para entrenador 2024.pdf
Desayunos,¿Cuál es la cantidad de mezcla de huevo que se utiliza para la preparación de 1 porción de huevo revuelto?,4 oz,Gui?a de estudio para entrenador 2024.pdf
Desayunos,Un pizca de sal es un ingrediente necesario para preparar:,Huevo revuelto,Gui?a de estudio para entrenador 2024.pdf
Desayunos,¿Cuál es la cantidad de mantequilla que se coloca en la parrilla para la preparación de huevos?,4 disparos de mantequilla,Gui?a de estudio para entrenador 2024.pdf
Desayunos,¿Cuál es la cantidad de ingredientes para la preparación de 1 porción de huevos revueltos a la mexicana?,4 oz de huevo y 2 oz de pico de gallo.,Gui?a de estudio para entrenador 2024.pdf
Desayunos,¿Cuál es tiempo de sanitización del huevo?,1 min,Gui?a de estudio para entrenador 2024.pdf
Desayunos,"Es la frecuencia con la que se debe lavar y sanitizar la maquinaria para huevos, los utensilios y las bandejas de UHC durante el periodo de desayunos:",2 hrs,Gui?a de estudio para entrenador 2024.pdf
Desayunos,¿Cuál es el utensilio que se utiliza para romper las yemas del huevo redondo en la parrilla?,Espátula plana amarilla,Gui?a de estudio para entrenador 2024.pdf
Desayunos,Es el corte que debe realizarse a las salchichas para la preparación de mezcla de McBurrito:,8 cortes verticales x 8 cortes horizontales,Gui?a de estudio para entrenador 2024.pdf
Desayunos,¿Cuál es la porción de salchicha que se requiere para preparar una tanda completa de mezcla de McBurrito?,3 salchichas,Gui?a de estudio para entrenador 2024.pdf
Desayunos,¿Cuál es la porción de salchicha que se requiere para preparar media tanda de mezcla de McBurrito?,11/2 salchichas,Gui?a de estudio para entrenador 2024.pdf
Desayunos,¿Cuál es la porción de salchicha que se requiere para preparar 2 McBurritos?,1 salchicha,Gui?a de estudio para entrenador 2024.pdf
Desayunos,¿Cuál es la porción de salchicha que se requiere para preparar 1 McBurrito?,1/2 salchicha,Gui?a de estudio para entrenador 2024.pdf
Desayunos,¿Cantidad de pimienta para preparar una tanda completa de mezcla de McBurrito?,1/4 oz de pimienta,Gui?a de estudio para entrenador 2024.pdf
Desayunos,¿Con qué frecuencia se debe afilar el raspador de parrilla?,5 veces al día,Gui?a de estudio para entrenador 2024.pdf
Desayunos,¿Cuál es la calibración para el dispensador de Hot Cakes?,3 descargas = 5 oz,Gui?a de estudio para entrenador 2024.pdf
Desayunos,¿Cuál es la medida del diámetro de los Hot Cakes?,12.5 cm,Gui?a de estudio para entrenador 2024.pdf
Delivery,En el segmento de McDelivery ¿Cuándo se debe ingresar el pedido en la registradora?,Cuando suene el aviso ping que ubique al repartidor a 5 min del restaurante,Gui?a de estudio para entrenador 2024.pdf
Delivery,¿Cuál es la cantidad de condimentos que deben colocarse en las ordenes de McDelivery?,Se colocan los condimentos solicitados por el cliente o los que corresponda según politica,Gui?a de estudio para entrenador 2024.pdf
Delivery,¿En qué momento se preparan los postres y malteadas en las ordenes de McDelivery?,En cuanto llega el repartidor,Gui?a de estudio para entrenador 2024.pdf
Delivery,¿Cómo se referencian las ordenes que incluyen postres y/o malteadas en McDelivery?,Se identifican con un sticker de color,Gui?a de estudio para entrenador 2024.pdf
Delivery,¿Cuál es el proceso completo McDelivery?,"5 minutos tiempo en ruta, 5 minutos tiempo en restaurante y 10 minutos fulfillment",Gui?a de estudio para entrenador 2024.pdf
Delivery,¿En que área se ensamblan las ordenes de McDelivery?,En la mesa OAT/HLZ,Gui?a de estudio para entrenador 2024.pdf
Delivery,¿Cuáles son los aspectos fundamentales que se deben considerar para armar y preparar los pedidos de McDelivery?,"Rapidez, exactitud y cuidado del armado de la orden",Gui?a de estudio para entrenador 2024.pdf
Delivery,¿Cuál es el aspecto que más valoran los clientes en el segmento de McDelivery?,La exactitud de la orden,Gui?a de estudio para entrenador 2024.pdf
Delivery,Se refiere a la regla de oro #2 en McDelivery:,El verificador debe hacer doble check y firmar de validación,Gui?a de estudio para entrenador 2024.pdf
Delivery,Se refiere a la regla de oro # 4 en McDelivery:,No olvides agregar el premio de la cajita feliz,Gui?a de estudio para entrenador 2024.pdf
Delivery,Se refiere a la regla de oro # 5 en McDelivery:,Usa una bolsa McDelivery cuando la orden lleve 3 items y/o postres y bebidas,Gui?a de estudio para entrenador 2024.pdf
Delivery,Se refiere a la regla de oro # 1 en McDelivery.,"Asegurate de marcar la orden correcta (inaccuracy ""0"" y rest time 5 min)",Gui?a de estudio para entrenador 2024.pdf
Delivery,Se refiere a la regla de oro # 6 en McDelivery:,Revisa en el dashboard los comentarios de nuestros clientes,Gui?a de estudio para entrenador 2024.pdf
Delivery,¿Quién es responsable de la Inaccuracy/Inexactitud 0%?,Puesto de ensamblador,Gui?a de estudio para entrenador 2024.pdf
Delivery,¿Cual es el objetivo de Up Time?,98%,Gui?a de estudio para entrenador 2024.pdf
Delivery,¿Cuál es el objetivo de CSAT?,4.6 estrellas,Gui?a de estudio para entrenador 2024.pdf
Delivery,¿Cuál es el objetivo de Restaurant Time?,5 minutos,Gui?a de estudio para entrenador 2024.pdf
Delivery,Es el último paso que se debe realizar en cuanto se entrega la orden al repartidor:,Pedir al repartidor que inicie el viaje,Gui?a de estudio para entrenador 2024.pdf
Delivery,¿Cuándo se utiliza la bolsa con asas para ensamblar las ordenes de McDelivery?,En pedidos con más de 3 items,Gui?a de estudio para entrenador 2024.pdf
Menu Regular,¿Cuál es el grado de inclinación de la espátula para retirar las carnes de la parrilla?,45,Gui?a de estudio para entrenador 2024.pdf
Menu Regular,¿Cuál es la temperatura de las parrillas para cocinar carnes?,425?F plato superior y 350?F plato inferior,Gui?a de estudio para entrenador 2024.pdf
Menu Regular,El tiempo de calentamiento de las parrillas en menú regular es:,20 min,Gui?a de estudio para entrenador 2024.pdf
Menu Regular,¿Cuál es el tiempo de vida de la cebolla rehidratada en el refrigerador?,24 hrs,Gui?a de estudio para entrenador 2024.pdf
Menu Regular,¿Cuál es el tiempo de cocción inicial de la carne 10:1?,39 seg,Gui?a de estudio para entrenador 2024.pdf
Menu Regular,La temperatura del UHC para menú regular es:,175?F,Gui?a de estudio para entrenador 2024.pdf
Menu Regular,¿Cuál es el tiempo de cocción de las papas?,3 min 10 seg,Gui?a de estudio para entrenador 2024.pdf
Menu Regular,El tiempo de vida de las papas ya cocinadas es:,7 min,Gui?a de estudio para entrenador 2024.pdf
Menu Regular,¿Cuál es el tiempo de reacción del iniciador?,3 a 5 seg,Gui?a de estudio para entrenador 2024.pdf
Menu Regular,¿Cuál es la temperatura del tostador vertical?,560?F placa y 400?F aire auxiliar,Gui?a de estudio para entrenador 2024.pdf
Menu Regular,¿Cuál es el tiempo de vida de la carne en el congelador lateral?,2 hrs,Gui?a de estudio para entrenador 2024.pdf
Menu Regular,¿Cual es el tiempo de cocción de los McPallo?,4 min,Gui?a de estudio para entrenador 2024.pdf
Menu Regular,El tiempo de escurrimiento de los productos fritos es:,5 seg  a 10 seg,Gui?a de estudio para entrenador 2024.pdf
Menu Regular,"¿A los cuantos segundos de iniciado el tiempo de cocción, suena el duty shake para agitar las papas?",30 seg,Gui?a de estudio para entrenador 2024.pdf
Menu Regular,La temperatura de las freidoras para cocinar papas es:,335?F,Gui?a de estudio para entrenador 2024.pdf
Menu Regular,¿Cuál es el tiempo de caramelizado del pan?,22 seg,Gui?a de estudio para entrenador 2024.pdf
Menu Regular,La altura entre el pan y el dispensador para aderezar es de:,2.5 cm,Gui?a de estudio para entrenador 2024.pdf
Menu Regular,Es la porción de mayonesa para un Pollo Clásico Crispy:,1/2 oz,Gui?a de estudio para entrenador 2024.pdf
Menu Regular,¿Cuál es el tiempo de vida de los McNuggets en el congelador de pared?,2 hrs,Gui?a de estudio para entrenador 2024.pdf
Menu Regular,El tiempo de cocinado de la Pechuga Crispy es:,6 min 55 seg,Gui?a de estudio para entrenador 2024.pdf
Menu Regular,Es la cantidad de agua tibia para sanitizar el jitomate:,38 Its,Gui?a de estudio para entrenador 2024.pdf
Menu Regular,Para preparar una tanda de cebolla caramelizada la cantidad de cebolla fresca es:,26 oz por 2 sobres de reductor,Gui?a de estudio para entrenador 2024.pdf
Menu Regular,¿Cuál es el tiempo de minimo de cocción de la carne 4:1?,110 seg,Gui?a de estudio para entrenador 2024.pdf
Menu Regular,¿Cuál es el tiempo de vida de la carne 10:1 en el UHC?,10 min,Gui?a de estudio para entrenador 2024.pdf
Menu Regular,¿Cuál es el tiempo estimado de rotación de la carne?,5 a 8 min,Gui?a de estudio para entrenador 2024.pdf
Menu Regular,¿Cuántos gramos de sal dispensa el Accusalt?,4 gr,Gui?a de estudio para entrenador 2024.pdf
Menu Regular,"¿Cuál es la distancia, por encima, que debes mantener el Accusalt para salar papas?",20 cm,Gui?a de estudio para entrenador 2024.pdf
Menu Regular,El tiempo de vida del pan fresco es:,6 dias,Gui?a de estudio para entrenador 2024.pdf
Menu Regular,¿Quién es el responsable de iniciar el proceso de producción?,Iniciador,Gui?a de estudio para entrenador 2024.pdf
Menu Regular,La cantidad de cebolla rehidratada de una Big Mac:,7 gr,Gui?a de estudio para entrenador 2024.pdf
Menu Regular,¿Qué cantidad de Sweet Barbecue se pone en la corona para una Barbecue Crispy?,1/2 oz,Gui?a de estudio para entrenador 2024.pdf
Menu Regular,¿Cuál es el tiempo de cocción de los McNuggets?,3 min 30 seg,Gui?a de estudio para entrenador 2024.pdf
Menu Regular,¿Cuál es el tiempo de calentamiento de las freidoras?,45 min,Gui?a de estudio para entrenador 2024.pdf
Menu Regular,¿Cada cuando se debe de limpiar el aceite de las freidoras?,Cada 30 min y cuando el aceite contine muchos reciduos fritos,Gui?a de estudio para entrenador 2024.pdf
Menu Regular,¿Cuá es el tiempo de vida del jitomate en la mesa de aderezo?,2 hrs,Gui?a de estudio para entrenador 2024.pdf
Menu Regular,¿Cuánto tiempo debe de permanecer el jitomate en el Vegi Wash sanitizandose?,5 min,Gui?a de estudio para entrenador 2024.pdf
Menu Regular,¿Cuál es el manejo correct del UHC?,Manejo Vertical - arriba hacia abajo,Gui?a de estudio para entrenador 2024.pdf
Menu Regular,"En el menú regular, el equipo y maquinaria pequeña de la cocina que tiene contacto con la comida se debe lavar y sanitizar cada:",4 hrs,Gui?a de estudio para entrenador 2024.pdf
Menu Regular,¿Cuánto tiempo antes de que termine el tiempo de coción de la carne debes tener en mano salero y las espátula?,5 seg,Gui?a de estudio para entrenador 2024.pdf
Menu Regular,Los watts de las lámparas caloríficas de papas son:,375 watts,Gui?a de estudio para entrenador 2024.pdf
Menu Regular,La compresión del tostador vertical debe ser:,4D,Gui?a de estudio para entrenador 2024.pdf
Menu Regular,¿Cuál es el color de la etiqueta para pedidos especiales?,Naranja,Gui?a de estudio para entrenador 2024.pdf
Menu Regular,¿Cuál es la cantidad de cebolla fresca que tiene un Cuarto de Libra?,1/4 oz,Gui?a de estudio para entrenador 2024.pdf
Menu Regular,¿Cuál es la cantidad de cátsup para una Hamburguesa con Queso?,1/3 oz,Gui?a de estudio para entrenador 2024.pdf
Menu Regular,¿Cuál es la cantidad de tocino para una hamburguesa Deluxe CBO?,3 tiras,Gui?a de estudio para entrenador 2024.pdf
Menu Regular,¿Cuál es la pinza que se utiliza para manejo de producto crudo?,Pinza azul,Gui?a de estudio para entrenador 2024.pdf
Menu Regular,¿Cuál es el tiempo de vida de los McNuggets en el UHC?,20 min.,Gui?a de estudio para entrenador 2024.pdf
Menu Regular,El tiempo de cocinado para el Filete de Pescado es:,3 min 35 seg,Gui?a de estudio para entrenador 2024.pdf
Menu Regular,¿Cuáles son los modos de producción del UHC?,Reponer y Recuperar,Gui?a de estudio para entrenador 2024.pdf
Menu Regular,¿Cuál es la temperatura de los congeladores?,0?F a ?10?F,Gui?a de estudio para entrenador 2024.pdf
Menu Regular,¿Cuál es el tiempo de vida de la cebolla rehidratada en el area de parrilla?,4 hrs,Gui?a de estudio para entrenador 2024.pdf
Menu Regular,Menciona el tiempo de cocción de la cebolla caramelizada:,100 seg,Gui?a de estudio para entrenador 2024.pdf
Menu Regular,Menciona el tiempo de vida del tocino cocinado:,6 hrs,Gui?a de estudio para entrenador 2024.pdf
Menu Regular,El sellado de la carne debe ser de:,80% a 90%,Gui?a de estudio para entrenador 2024.pdf
Menu Regular,¿Cuál es la separación entre caja y caja en el congelador?,1 pulgada.,Gui?a de estudio para entrenador 2024.pdf
Menu Regular,La estiba máxima de carnes en el congelador es de:,8 cajas,Gui?a de estudio para entrenador 2024.pdf
Menu Regular,¿Cuál es el tiempo para retirar las carnes 10:1 y 4:1 de la parrilla?,18 seg,Gui?a de estudio para entrenador 2024.pdf
Menu Regular,Menciona el GAP de parrilla de la carne 4:1:,Gap 1: 0.400 por 10 seg y Gap 2: 425 por el resto,Gui?a de estudio para entrenador 2024.pdf
Menu Regular,¿Cuál es el grado de inclinación para raspar la parrilla?,15,Gui?a de estudio para entrenador 2024.pdf
Menu Regular,¿Con qué frecuencia se limpia el teflón con un trapo húmedo?,15 min,Gui?a de estudio para entrenador 2024.pdf
Menu Regular,¿Cuál es la temperatura interna de la carne para considerarla de calidad?,155?F a 175?F,Gui?a de estudio para entrenador 2024.pdf
Menu Regular,¿Cuál es el tiempo de enfriamiento de los congeladores laterales?,45 min,Gui?a de estudio para entrenador 2024.pdf
Menu Regular,El tiempo de vida primario de la carne es:,90 días,Gui?a de estudio para entrenador 2024.pdf
Menu Regular,¿Cuál es el tiempo de vida primario del pan congelado?,60 días,Gui?a de estudio para entrenador 2024.pdf
Menu Regular,¿Cuál es el tiempo de descongelación del pan?,4 hrs,Gui?a de estudio para entrenador 2024.pdf
Menu Regular,¿Cuál es la temperatura ideal del pan caramelizado?,160?F,Gui?a de estudio para entrenador 2024.pdf
Menu Regular,¿Cuál es el tiempo de ensamblaje en la línea?,35 seg  a 50 seg,Gui?a de estudio para entrenador 2024.pdf
Menu Regular,¿Cuál es el tiempo de vida de la cebolla caramelizada en el UHC?,120 min,Gui?a de estudio para entrenador 2024.pdf
Menu Regular,¿Cuál es la temperatura del bin de pays?,150?F a 180?F,Gui?a de estudio para entrenador 2024.pdf
Menu Regular,¿Cual es la temperatura ideal del queso temperado?,60?F a 65?F,Gui?a de estudio para entrenador 2024.pdf
Menu Regular,Tiempo de temperado del queso:,2 hrs,Gui?a de estudio para entrenador 2024.pdf
Menu Regular,¿Cuál es la temperatura de la placa del HLZ?,160?F plancha y 220?F aire auxiliar,Gui?a de estudio para entrenador 2024.pdf
Menu Regular,El tiempo de calentamiento del UHC es:,20 min.,Gui?a de estudio para entrenador 2024.pdf
Menu Regular,¿Cuál es la temperatura del agua para prepara cebolla rehidratada?,34?F a 40?F,Gui?a de estudio para entrenador 2024.pdf
Menu Regular,Tiemp de vida de la lechuga refrigerada en cambro:,12 hrs,Gui?a de estudio para entrenador 2024.pdf
Menu Regular,¿Cuál es la calibración para el dispensador de cátsup regular?,6 descargas = 2 oz,Gui?a de estudio para entrenador 2024.pdf
Menu Regular,¿Cuál es la calibración para el dispensador de mostaza?,47 descargas =1 oz,Gui?a de estudio para entrenador 2024.pdf
Menu Regular,¿Cuál es el tiempo de vida primario del pollo crispy?,180 días,Gui?a de estudio para entrenador 2024.pdf
Menu Regular,El tiempo de vida primario del queso es:,120 días,Gui?a de estudio para entrenador 2024.pdf
Menu Regular,¿Cuál es el tiempo de vida del tocino en el refrigerador?,30 dias,Gui?a de estudio para entrenador 2024.pdf
Menu Regular,El tiempo de vida primario de la lechuga es:,10 días,Gui?a de estudio para entrenador 2024.pdf
Menu Regular,¿Cuál es la temperatura de la mesa de preparación?,120?F a 130?F,Gui?a de estudio para entrenador 2024.pdf
Menu Regular,¿Cuánto tiempo recircula el aceite al filtrar?,5 min,Gui?a de estudio para entrenador 2024.pdf
Menu Regular,Debemos lavarnos las manos y los antebrazos con jabón germicida durante:,20 seg,Gui?a de estudio para entrenador 2024.pdf
Menu Regular,Debemos vaciar los botes de basura cuando estén:,"3/4 partes llenos, ya compactados",Gui?a de estudio para entrenador 2024.pdf
Menu Regular,¿Cómo se llama el sistema de extinción integrado a las parrillas y freidoras?,Ansul,Gui?a de estudio para entrenador 2024.pdf
Menu Regular,¿Cuánto tiempo antes de los periodos pico debemos de trapear?,15 min antes,Gui?a de estudio para entrenador 2024.pdf
Menu Regular,"A los procedimientos eficaces que aseguran ofrecer comida libre de bacterias, virus y sustancias peligrosas se le conoce como:",Seguridad de la comida,Gui?a de estudio para entrenador 2024.pdf
Menu Regular,"¿Cómo se conocen a los microorganismos que están en el aire, comida, agua?",Bacterias,Gui?a de estudio para entrenador 2024.pdf
Menu Regular,¿Cuál es la temperatura interna mínima de los productos de pollo?,165?F,Gui?a de estudio para entrenador 2024.pdf
Menu Regular,¿A qué distancia por lo menos debe estar la comida por encima del piso?,15 cm,Gui?a de estudio para entrenador 2024.pdf
Menu Regular,¿A qué temperatura se reproducen las bacterias?,De 40?F a 140?F,Gui?a de estudio para entrenador 2024.pdf
Menu Regular,¿Cuál es la temperatura del agua para lavar trapos?,120?F a 150?F,Gui?a de estudio para entrenador 2024.pdf
Menu Regular,La cantidad de trapos de parrilla en un balde con sanitizante es:,20,Gui?a de estudio para entrenador 2024.pdf
Menu Regular,¿Cuál es la concentración de sanitizante en una botella aspersora?,50 a 100 ppm,Gui?a de estudio para entrenador 2024.pdf
Menu Regular,El cambio del agua de los trapos debe ser:,"Cada 2 hrs, o cuando la concentración de sanitizante sea menor a 50 ppm",Gui?a de estudio para entrenador 2024.pdf
Menu Regular,"¿Con qué trapo limpiamos las paredes, sillas y basureros?",Blanco con orilla roja,Gui?a de estudio para entrenador 2024.pdf
Menu Regular,¿Cuál es la temperatura del área donde se deben almacenar los jitomates?,55?F a 75?F,Gui?a de estudio para entrenador 2024.pdf
Menu Regular,Los enemigos del aceite son:,"Sal, carbón, aire, temperatura, agua y detergente",Gui?a de estudio para entrenador 2024.pdf
Calidad,¿Cuáles son las características visuales de un pan caramelizado?,"Color marrón dorado, 100% de su superficie debe ser lisa y sedosa, sin porosidad, como si el pan hubiese sido sellado",Gui?a de estudio para entrenador 2024.pdf
Calidad,Menciona las características de un pan estándar de McDonald's,"Textura flexible y corte parejo, color marrón dorado, aroma de trigo agradable, simétrico, uniformemente redondo",Gui?a de estudio para entrenador 2024.pdf
Calidad,"Se le llama asi a los productos que se tiran después de ser ensamblados, por no cumplir caracteristicas de calidad:",Desperdicio acabado,Gui?a de estudio para entrenador 2024.pdf
Calidad,¿Debemos cocinar y mantener los productos de manera que cumplan los estándares de calidad y seguridad de la comida?,Verdadero,Gui?a de estudio para entrenador 2024.pdf
Calidad,¿Cómo se llama el método estándar para rotar producto en las cámaras de almacenamiento?,PDPF/FIFO,Gui?a de estudio para entrenador 2024.pdf
Calidad,"A qué producto corresponde esta descripción de calidad: color crema/durazno, con pepinillos dulces picados, textura cremosa y sabor agridulce a mostaza fuerte y pepinillos dulces:",Salsa Big Mac,Gui?a de estudio para entrenador 2024.pdf
Calidad,Es el tiempo que se puede mantener un producto en la mesa de preparación después de sacarlo de la cámara refrigeradora:,Periodo de conservación secundario,Gui?a de estudio para entrenador 2024.pdf
Calidad,Marque los procedimientos clave para reabastecer ingredientes en la mesa de condimentación:,"Use todo el producto viejo antes de añadir el nuevo, ponga el producto en bandejas/cambros limpios y sanitizados",Gui?a de estudio para entrenador 2024.pdf
Calidad,¿Qué error en el procedimiento puede hacer que la cebolla rehidratada quede con un color rosa?,Añadir agua caliente o tibial,Gui?a de estudio para entrenador 2024.pdf
Calidad,¿Qué sucede si la cebolla rehidratada se remoja menos de una hora?,Podría quedar dura y chiclosa,Gui?a de estudio para entrenador 2024.pdf
Calidad,¿Qué tipo de agua se utiliza para preparar la cebolla deshidratada?,Agua Fria,Gui?a de estudio para entrenador 2024.pdf
Calidad,¿Cuáles son las características de calidad de las carnes congeladas?,"Redonda y plana, diámetro y espesor uniforme, color legeramente rosado, se marcan los dedos cuando las tocas y fáciles de separar",Gui?a de estudio para entrenador 2024.pdf
Calidad,¿Cuál es la mezcla correcta de sal y pimienta al sazonar las carnes?,86% sal y 14% pimienta,Gui?a de estudio para entrenador 2024.pdf
Calidad,¿Qué criterios debe seguir para abastecer carnes en los congeladores laterales?,"Marcar y respetar los tiempos de conservación secundario, desechar los productos que rebasen su periodo de conservacion secundario y verificar los niveles de producto 24/2",Gui?a de estudio para entrenador 2024.pdf
Calidad,¿Cuáles son las características de calidad en apariencia del producto cocinado de carnes?,"Forma de circulo y superficie plana, la superficie cocinada debe estar de 80% a 90% sellada parejo y sin defectos visibles",Gui?a de estudio para entrenador 2024.pdf
Calidad,Si alguna temperatura de la carne está por debajo del estándar de la seguridad de la comida 155?F ¿Se desecha la came?,VERDADERO,Gui?a de estudio para entrenador 2024.pdf
Calidad,Selecciona 3 caracteristicas de calidad de las carnes cocidas:,"Ausencia de color rojo, no quemadas y no secas",Gui?a de estudio para entrenador 2024.pdf
Calidad,"Para la calidad, por lo menos una de las 4 temperaturas internas de cada tanda debe estar entre:",160?F y 165?F,Gui?a de estudio para entrenador 2024.pdf
Calidad,El concepto de tanda máxima es:,Cantidad máxima de carnes que se pueden cocinar en un plato/tapa,Gui?a de estudio para entrenador 2024.pdf
Calidad,¿Cuáles de las siguientes son características de Calidad Dorada de las papas en cuanto a sabor?,"Sabor exclusivo de una combinación bien balanceada de papa recién cocinada, aceite limpio y sal",Gui?a de estudio para entrenador 2024.pdf
Calidad,Factor critico para obtener papas cocidas de calidad:,Cocinar papas congeladas,Gui?a de estudio para entrenador 2024.pdf
Calidad,¿Se pueden poner a cocinar dos cestas de papas congeladas a la vez en la misma cuba?,"No, se enfriará el aceite por debajo de la temperatura necesaria para la cocción correcta",Gui?a de estudio para entrenador 2024.pdf
Calidad,Estándar de calidad dorada de los McNuggets de pollo cocidas en el atributo de apariencia es:,El empanizado tempura frito tiene un color dorado claro con puntos color café rojizo natural,Gui?a de estudio para entrenador 2024.pdf
Calidad,Selecciona las características que señalan que el aceite debe ser cambiado:,"Sabor del producto a quemado, amargo o rancio, si hay burbujas lentas, esto indica que hay descomposición y se debe desechar el aceite, humo excesivo, a menudo acompañado de espuma amarilla y un sabor extraño",Gui?a de estudio para entrenador 2024.pdf
Calidad,¿Cuál es el objetivo del Stock Recovery/Recuperación de producto?,Quitar del mercado algún producto que está fuera de las especificaciones y que no puede ser vendido al público,Gui?a de estudio para entrenador 2024.pdf
MFY,¿Cuántos productos pueden condimentarse a la vez?,2,Gui?a de estudio para entrenador 2024.pdf
MFY,La posición de la 5ta persona en la cocina de ser:,Fritos,Gui?a de estudio para entrenador 2024.pdf
MFY,¿Cuántos productos en una hora se pueden preparar en el sistema de MFY con 2 puntos de iniciación?,800 productos por hora,Gui?a de estudio para entrenador 2024.pdf
MFY,¿Quién interviene cuando existen mas de 3 pedidos en el KVS (zona de peligro)?,Gerente de Calidad/Chaser,Gui?a de estudio para entrenador 2024.pdf
MFY,¿El empleado responsable por el stock y por la preparación se considera una hora fija?,Verdadero,Gui?a de estudio para entrenador 2024.pdf
MFY,¿Cuál es el ajuste del ZOOM para los KVS?,4X2,Gui?a de estudio para entrenador 2024.pdf
MFY,La corona ¿Siempre debe estar orientada a la tostadora?,Verdadero,Gui?a de estudio para entrenador 2024.pdf
MFY,¿En los linner 2 en 1 como se pone la comanda de orden especial?,"Con el lado impreso hacia arriba, en el punto medio de la orilla superior de la envoltura",Gui?a de estudio para entrenador 2024.pdf
MFY,¿En los linner 4 en 1 como se pone la comanda de orden especial?,"Con el lado impreso hacia arriba, en diagonal a la orilla superior izquierda de la envoltural",Gui?a de estudio para entrenador 2024.pdf
MFY,¿En la caja/container como se pone la comanda de orden especial?,En el lado de la base de la caja,Gui?a de estudio para entrenador 2024.pdf
MFY,¿Cuál es el modo de recuperación?,"Es el proceso que debe ser utilizado, cuando haya 3 o ma?s bandejas de uno o más tipos de carne en el UHC que necesitan ser repuestas",Gui?a de estudio para entrenador 2024.pdf
MFY,¿Se pueden dividir las carnes en 2 bandejas?,Falso,Gui?a de estudio para entrenador 2024.pdf
MFY,¿Quién determina con que frecuencia ocurrirá el modo de recuperación?,Gerente de Producción,Gui?a de estudio para entrenador 2024.pdf
MFY,¿Quién Inspecciona cada 15 minutos el UHC verificando cantidad de carnes por niveles establecidos?,Gerente de Turno,Gui?a de estudio para entrenador 2024.pdf
MFY,¿Cuál es el rol de actuación del gerente de calidad con foco en el UHC?,"Asegurar niveles establecidos, conocer las proyecciones de ventas y GC's",Gui?a de estudio para entrenador 2024.pdf
Cajita Feliz,La temperatura de almacenamiento del yoplait es de:,34?F a 40?F,Gui?a de estudio para entrenador 2024.pdf
Cajita Feliz,"¿Cuántas KCal, tienen en conjunto, los productos de la Cajita Feliz?",Menos de 600 Kcal,Gui?a de estudio para entrenador 2024.pdf
Experiencia al cliente,El tiempo de servicio en el mostrador R2P (Receipt to present) es de:,90 seg,Gui?a de estudio para entrenador 2024.pdf
Experiencia al cliente,¿Cuál es el tiempo de vida secundario del yoplait?,24 hrs,Gui?a de estudio para entrenador 2024.pdf
Experiencia al cliente,¿Cada cuando se deben cambiar los trapos azules con los que limpiamos en el lobby?,Cada que sea necesario o por lo menos cada 15 min,Gui?a de estudio para entrenador 2024.pdf
Experiencia al cliente,¿Con que frecuencia se deben compactar los botes de basura del comedor?,Cada 15 min en volumen alto y cada 30 min en volumen bajo,Gui?a de estudio para entrenador 2024.pdf
Experiencia al cliente,El trapo blanco con orilla azul debe ser utilizado para la limpieza de:,"Mesas del lobby, mostrador y segmentos",Gui?a de estudio para entrenador 2024.pdf
Experiencia al cliente,¿Con que frecuencia se deben revisar los baños?,Cada 15 min en volumen alto y cada 30 min en volumen bajo,Gui?a de estudio para entrenador 2024.pdf
Experiencia al cliente,El trapo blanco con orilla amarilla debe ser utilizado para la limpieza de:,lavamanos,Gui?a de estudio para entrenador 2024.pdf
Experiencia al cliente,¿Cuál es la cantidad de hielo que se debe colocar a las bebidas?,Hasta la línea más baja que marca el vaso,Gui?a de estudio para entrenador 2024.pdf
Experiencia al cliente,¿Cuál es el tiempo de vida del refresco una vez servido?,"No tiene tiempo de vida, las bebidas se sirven al momento",Gui?a de estudio para entrenador 2024.pdf
Experiencia al cliente,La temperatura de extracción del refresco es de:,33?F a 36?F,Gui?a de estudio para entrenador 2024.pdf
Experiencia al cliente,¿Cuál es el ciclo de lavado para el recicipente del hielo?,4 hrs,Gui?a de estudio para entrenador 2024.pdf
Experiencia al cliente,La temperatura de extracción del café es de:,195?F a 205?F,Gui?a de estudio para entrenador 2024.pdf
Experiencia al cliente,¿Cuál es la temperatura de retención del café?,180?F a 190?F,Gui?a de estudio para entrenador 2024.pdf
Experiencia al cliente,El tiempo de vida secundario de las cremas para café en el refrigerador es:,24 hrs,Gui?a de estudio para entrenador 2024.pdf
Experiencia al cliente,El tiempo de vida del café americano es de:,30 min,Gui?a de estudio para entrenador 2024.pdf
Experiencia al cliente,¿Cuál es el tiempo máximo que tenemos para dar la bienvenida a un cliente en el automac?,10 seg,Gui?a de estudio para entrenador 2024.pdf
Experiencia al cliente,¿Cuál es el tiempo que tenemos para ensamblar un pedido en el AutoMac?,16 seg o menos,Gui?a de estudio para entrenador 2024.pdf
Experiencia al cliente,"En AutoMac ""P.E.M.A"" significa:",Pedido en mano afuera,Gui?a de estudio para entrenador 2024.pdf
Experiencia al cliente,En el AutoMac ¿Quién es responsable de la exactitud del pedido?,Corredor,Gui?a de estudio para entrenador 2024.pdf
Experiencia al cliente,"¿Cuál es el tiempo ""OEPE"" (Order End, Present End) optimo en el Automac?",120 seg,Gui?a de estudio para entrenador 2024.pdf
Experiencia al cliente,El rendimiento de un sobre de café es de:,60 oz,Gui?a de estudio para entrenador 2024.pdf
Experiencia al cliente,¿En qué momento debe servirse la orden del monitor de expedición?,Cuando se toma el ultimo sandwich de la orden,Gui?a de estudio para entrenador 2024.pdf
Experiencia al cliente,Si la orden del automac NO estará lista para entregar en menos de 10 segundos ¿Qué debes hacer?,Enviar a estacionar el auto a la zona de espera,Gui?a de estudio para entrenador 2024.pdf
Experiencia al cliente,¿Quién es la persona que debe entregar la orden a un auto que se envió a la zona de espera?,El gerente de turno designa a la persona que entregara el pedido,Gui?a de estudio para entrenador 2024.pdf
AutoMac,"En un AutoMac de un solo carril, para atender de 70 a 89 clientes, debemos posicionar:",5 empleados,Gui?a de estudio para entrenador 2024.pdf
AutoMac,El tiempo estándar para ingresar el pedido en la POS:,25 segundos,Gui?a de estudio para entrenador 2024.pdf
AutoMac,"El ""corredor de automac"" arma el pedido incluyendo primero:",Sándwiches,Gui?a de estudio para entrenador 2024.pdf
AutoMac,¿Cuál es la secuencia de armado de pedido para que la temperatura y el sabor de los productos cumplan siempre con las mas altos estandares de calidad?,"1.-Bebidas frías/batidos, 2.-Bebidas calientes, 3.-Postres, 4.-Sandwiches/ensaladas, 5.-Papas/McNuggets",Gui?a de estudio para entrenador 2024.pdf
AutoMac,El tiempo máximo para cobrar el pedido es de:,15 segundos o menos,Gui?a de estudio para entrenador 2024.pdf
AutoMac,El tiempo de armado del pedido es:,16 segundos o menos,Gui?a de estudio para entrenador 2024.pdf
AutoMac,La capacidad del Automac de un solo carril es:,100 a 120 autos x hora,Gui?a de estudio para entrenador 2024.pdf
AutoMac,La capacidad del Automac side by side es:,150 a 180 autos x hora,Gui?a de estudio para entrenador 2024.pdf
AutoMac,¿Cuál es el momento adecuado para posicionar a un tomador externo en el AutoMac?,Cuando se alcanza 80% de la capacidad del AutoMac,Gui?a de estudio para entrenador 2024.pdf
AutoMac,¿Cuáles son las etapas de la piramide del Automac?,"1.-Horarios, posicionamiento y personas entrenadas, 2.-Layout y mantenimiento de equipo, 3.-Gestión de la producción/KVS, 4.-Preparación del turno, 5.-Gerenciamiento del turno, 6.-Objetivos y motivación, 7.-Inversiones de capital",Gui?a de estudio para entrenador 2024.pdf
AutoMac,¿En cuál herramienta podemos encontrar la colocación adecuada de los equipos?,Manual de Layout,Gui?a de estudio para entrenador 2024.pdf
AutoMac,¿Cada cuánto tiempo se debe revisar los niveles de producto?,Cada 15 minutos,Gui?a de estudio para entrenador 2024.pdf
AutoMac,¿Cada cuánto tiempo se deben revisar los GC's realizados?,Cada 15 minutos,Gui?a de estudio para entrenador 2024.pdf
AutoMac,¿Cuál es la causa más frecuente de tiempos de espera largos en el AutoMac?,Esperar productos de cocina,Gui?a de estudio para entrenador 2024.pdf
AutoMac,¿Cómo se llama el equipo que muestra al cliente el pedido que va realizando?,COD (Customer Order Display),Gui?a de estudio para entrenador 2024.pdf
AutoMac,El tiempo desde la finalización del pedido hasta la finalización de la entrega se llama:,OEPE,Gui?a de estudio para entrenador 2024.pdf
AutoMac,"El tiempo OEPE comienza cuando el cliente finaliza el pedido y el empleado presiona la tecla ""total"" en la POS:",VERDADERO,Gui?a de estudio para entrenador 2024.pdf
AutoMac,"El tiempo OEPE finaliza cuando el presentador termina de entregar el pedido completo y presiona la tecla ""servido"" en el Bump Bar:",VERDADERO,Gui?a de estudio para entrenador 2024.pdf
AutoMac,El tiempo en fila es de:,70 segundos,Gui?a de estudio para entrenador 2024.pdf
AutoMac,"Según estudios, ¿Cuántos segundos debemos reducir en OEPE para sumar 9 autos por día?",8 segundos,Gui?a de estudio para entrenador 2024.pdf
AutoMac,El tiempo que se mide desde el 3er auto en la pista/senda y transcurre hasta que el auto llega al punto de pedido es:,Tiempo en Fila,Gui?a de estudio para entrenador 2024.pdf
AutoMac,¿Cuál es la capacidad de un Automac operando Fast Forward?,más de 180 autos por hora,Gui?a de estudio para entrenador 2024.pdf
AutoMac,¿Cuál es el 80% de la capacidad mínima de un AutoMac Side by side?,120 autos,Gui?a de estudio para entrenador 2024.pdf
AutoMac,"¿Qué significa el procedimiento ""PPD""?","Pregunte, Pregunte, Diga",Gui?a de estudio para entrenador 2024.pdf
AutoMac,"¿Cuál es la posición que hace la primera P del procedimiento ""PPD"" (Pregunte)?",Tomador de órdenes,Gui?a de estudio para entrenador 2024.pdf
AutoMac,"¿Cuál es la posición que hace la segunda P del procedimiento ""PPD"" (Pregunte)?",Cajero,Gui?a de estudio para entrenador 2024.pdf
Entrenador,¿Cuáles son las 4 etapas del entrenamiento?,"Preparar, presentar, practicar y dar seguimiento",Gui?a de estudio para entrenador 2024.pdf
Entrenador,¿Cuál es el ral del entrenador?,"Mantener los más altos estándares de C,S, L y V, entrenando, corriguiendo y motivando",Gui?a de estudio para entrenador 2024.pdf
Entrenador,¿Cuáles son las 3 C's de cocina que utilizan los entrenadores?,"Comunicación, Cooperación y Coordinación.",Gui?a de estudio para entrenador 2024.pdf
Entrenador,¿En qué etapa del entrenamiento se debe mostrar las guías y videos de entrenamiento?,Etapa: presentar,Gui?a de estudio para entrenador 2024.pdf
Entrenador,"¿En qué etapa del entrenamiento se explican las normas de calidad, servicio y limpieza de la estación?",Etapa: presentar,Gui?a de estudio para entrenador 2024.pdf
Entrenador,¿En qué etapa del entrenamiento se brinda feedback constante por el desempeño del empleado?,Etapa: practicar,Gui?a de estudio para entrenador 2024.pdf
Entrenador,¿En qué etapa del entrenamiento se debe realizar la certificación del puesto (PCP)?,Etapa: seguimiento,Gui?a de estudio para entrenador 2024.pdf
Entrenador,¿Cuál es el trinomio del entrenamiento?,"Persona correcta, lugar correcto y plan correcto",Gui?a de estudio para entrenador 2024.pdf
Entrenador,"En el entrenamiento, ¿Qué significa el rol de actuación P1?","Persona en entrenamiento, autodesarrollo",Gui?a de estudio para entrenador 2024.pdf
Entrenador,¿Cuáles son las 3 áreas de trabajo que influyen directamente en la calidad?,"Productos, equipos y procedimientos",Gui?a de estudio para entrenador 2024.pdf
T. de Vida,Margarina. (T. Secundario),Desechar al cierre,GUIA TIEMPOS DE VIDA PRIM Y SEC-1.pdf
T. de Vida,Margarina. (T. Primario),300 dias,GUIA TIEMPOS DE VIDA PRIM Y SEC-1.pdf
T. de Vida,Tocino (T. Primario),365 dias,GUIA TIEMPOS DE VIDA PRIM Y SEC-1.pdf
T. de Vida,Queso cheddar blanco (T. Secundario),2 horas (temperado) + 2 horas (Reloj de tiempo de vida),GUIA TIEMPOS DE VIDA PRIM Y SEC-1.pdf
T. de Vida,Pan Muffin (T. Secundario),En reja: 48 horas (12 horas de descongelación con etiqueta tiempo de vida) En UHC: 20 minutos,GUIA TIEMPOS DE VIDA PRIM Y SEC-1.pdf
T. de Vida,Pico de Gallo (T. Secundario),2 horas (Reloj tiempo de vida),GUIA TIEMPOS DE VIDA PRIM Y SEC-1.pdf
T. de Vida,Frijoles (T. Secundario),"UHC bandeja 1/3: todo el periodo de desayuno, hidratando cada hora con 8.5 oz de agua.",GUIA TIEMPOS DE VIDA PRIM Y SEC-1.pdf
T. de Vida,Mermelada en sobre (T. Secundario),Cambros en el área de servicio/ NA,GUIA TIEMPOS DE VIDA PRIM Y SEC-1.pdf
T. de Vida,Blister margarina (T. Secundario),Bandeja fría cerca de la zona caliente de espera (HLZ/OAT): 4 hrs,GUIA TIEMPOS DE VIDA PRIM Y SEC-1.pdf
T. de Vida,Sobre de miel maple (T. Secundario),Cambros en el área de servicio/ NA,GUIA TIEMPOS DE VIDA PRIM Y SEC-1.pdf
T. de Vida,Hash brown (T. Secundario),Congelador de pared: 2 horas (Reloj de tiempo de vida) Bin de papas: 10 min,GUIA TIEMPOS DE VIDA PRIM Y SEC-1.pdf
T. de Vida,Tortillinas (T. Secundario),3 días (12 horas de descongelación con etiqueta de tiempo de vida),GUIA TIEMPOS DE VIDA PRIM Y SEC-1.pdf
T. de Vida,Mezcla de Hotcakes (T. Secundario),Contenedor en refrigeración: Todo el periodo de desayunos (Etiqueta de tiempo de vida) Dispensador a temperatura ambiente: 2 horas (Reloj de tiempo de vida),GUIA TIEMPOS DE VIDA PRIM Y SEC-1.pdf
T. de Vida,Huevo (T. Secundario),Huevo en cascarón/revuelto a temperatura ambiente: 30 minutos (reloj y/o etiqueta tiempo de vida) Huevo(batido) en refrigeración 2 horas (reloj y/o etiqueta tiempo de vida) En UHC: 20 minutos Reloj de tiempo de vida),GUIA TIEMPOS DE VIDA PRIM Y SEC-1.pdf
T. de Vida,Salchicha desayuno (T. Secundario),Congelador de pared: 2 horas ( Reloj de tiempo de vida) UCH: 60 min,GUIA TIEMPOS DE VIDA PRIM Y SEC-1.pdf
T. de Vida,Queso amarillo (T. Secundario),2 horas (temperado) + 2 horas (Reloj de tiempo de vida),GUIA TIEMPOS DE VIDA PRIM Y SEC-1.pdf
T. de Vida,BBQ blister (T. Secundario),Cambros en el área de servicio/ NA,GUIA TIEMPOS DE VIDA PRIM Y SEC-1.pdf
T. de Vida,Agridulce blister (T. Secundario),Cambros en el área de servicio/ NA,GUIA TIEMPOS DE VIDA PRIM Y SEC-1.pdf
T. de Vida,Mavonesa en sobre (T. Secundario),Cambros en el área de servicio/ NA,GUIA TIEMPOS DE VIDA PRIM Y SEC-1.pdf
T. de Vida,Mostaza en sobre (T. Secundario),Cambros en el área de servicio/ NA,GUIA TIEMPOS DE VIDA PRIM Y SEC-1.pdf
T. de Vida,Catsup en sobre (T. Secundario),Cambros en el área de servicio/ NA,GUIA TIEMPOS DE VIDA PRIM Y SEC-1.pdf
T. de Vida,Jalapeño en sobre (T. Secundario),Cambros en el área de servicio/ NA,GUIA TIEMPOS DE VIDA PRIM Y SEC-1.pdf
T. de Vida,Salsa Big Mac (T. Secundario),En la mesa de condimentación: 24 hrs una vez abierto,GUIA TIEMPOS DE VIDA PRIM Y SEC-1.pdf
T. de Vida,Mayonesa pocuh (T. Secundario),Pouch abierto y emplayado en refrigeración: 7 dias,GUIA TIEMPOS DE VIDA PRIM Y SEC-1.pdf
T. de Vida,Mostaza pocuh (T. Secundario),Pouch abierto y emplayado en refrigeración: 7 dias,GUIA TIEMPOS DE VIDA PRIM Y SEC-1.pdf
T. de Vida,Catsup pocuh (T. Secundario),Pouch abierto y emplavado en refrigeración: 7 dias,GUIA TIEMPOS DE VIDA PRIM Y SEC-1.pdf
T. de Vida,Creamy Mustard Pouch (T. Secundario),Pouch abierto y emplayado en refrigeración: 7 dias,GUIA TIEMPOS DE VIDA PRIM Y SEC-1.pdf
T. de Vida,"Pan Big Mac, Regular y Cuarto de Libra FRESCO (T. Secundario)",rejas de pan: 6 dias,GUIA TIEMPOS DE VIDA PRIM Y SEC-1.pdf
T. de Vida,Tocino (T. Secundario),Refrigerado:30 dias Cocinado en rejilla: 6 horas (reloj y/o etiqueta de tiempo de vida),GUIA TIEMPOS DE VIDA PRIM Y SEC-1.pdf
T. de Vida,Lechuga rallada (T. Secundario),Mesa de condimentación: 2 horas (reloj de tiempo de vida),GUIA TIEMPOS DE VIDA PRIM Y SEC-1.pdf
T. de Vida,Tomate (T. Secundario),"Recipiente de 1/3 perforado con fondo falso, sin tapa, no en una superficie caliente: 2 hr (reloj de tiempo de vida)",GUIA TIEMPOS DE VIDA PRIM Y SEC-1.pdf
T. de Vida,Mc Pollo (T. Secundario),Congelador de pared: 2 horas (Reloj de tiempo de vida) UHC 30 minutos,GUIA TIEMPOS DE VIDA PRIM Y SEC-1.pdf
T. de Vida,McNuggets (T. Secundario),Congelador de pared: 2 horas (Reloj de tiempo de vida) UHC: 20 minutos,GUIA TIEMPOS DE VIDA PRIM Y SEC-1.pdf
T. de Vida,Pollo Crispy (T. Secundario),Congelador de pared: 2 horas (Reloj de tiempo de vida) UHC: 60 minutos,GUIA TIEMPOS DE VIDA PRIM Y SEC-1.pdf
T. de Vida,Cebolla Crispy (T. Secundario),Mesa de aderezo: 24 horas (Reloj de tiempo de vida),GUIA TIEMPOS DE VIDA PRIM Y SEC-1.pdf
T. de Vida,Pan Brioche (T. Secundario),Canastilla a temperatura ambiente: 48 horas incluyendo las 12 horas de temperado (etiqueta tiempo de vida),GUIA TIEMPOS DE VIDA PRIM Y SEC-1.pdf
T. de Vida,Cebolla Fresca (T. Secundario),Mesa de condimentación: 2 horas (reloj de tiempo de vida),GUIA TIEMPOS DE VIDA PRIM Y SEC-1.pdf
T. de Vida,Cebolla Rehidratada (T. Secundario),"Mesa de preparación: 4 horas (reloj tiempo de vida), Refrigeración 24 horas (Etiqueta de tiempo)",GUIA TIEMPOS DE VIDA PRIM Y SEC-1.pdf
T. de Vida,Carne 10:1 y 4:1 (T. Secundario),Congelador Lateral: 2 horas (Reloj de tiempo de vida) UHC:10 minutos,GUIA TIEMPOS DE VIDA PRIM Y SEC-1.pdf
T. de Vida,"Pan regular, cuarto de libra y Big Mac CONGELADO (T. Secundario)",En rejas de pan: 48 horas incluyendo 12 de temperado (colocar etiqueta de vida secundaria),GUIA TIEMPOS DE VIDA PRIM Y SEC-1.pdf
T. de Vida,Sal (T. Secundario),"Salero (Area de papas): Guardar al cierre, usar 1ro al dia siguiente",GUIA TIEMPOS DE VIDA PRIM Y SEC-1.pdf
T. de Vida,Papas Fritas (T. Secundario),Congelador de pared: 2 horas (Reloj de tiempo de vida) Cocidas/Bin de papas: 7 minutos,GUIA TIEMPOS DE VIDA PRIM Y SEC-1.pdf
T. de Vida,Aceite comestible (T. Secundario),En tina: Depende del volumen y del buen manejo/ filtrado del aceite (óptimo de 14 dias),GUIA TIEMPOS DE VIDA PRIM Y SEC-1.pdf
T. de Vida,Base de Helado (T. Secundario),Máquina HT: 14 dias Canister (dispensador) en la máquina de helados: 7 dias (reloj o etiqueta de tiempo de vida),GUIA TIEMPOS DE VIDA PRIM Y SEC-1.pdf
T. de Vida,Galleta Oreo (T. Secundario),Congelador de pared: 2 horas (reloj de tiempo de vida) Zona de enfriamiento: 20 minutos (reloj de tiempo de vida) Vitrina de pays: 70 minutos (150? a 180?F),GUIA TIEMPOS DE VIDA PRIM Y SEC-1.pdf
T. de Vida,Cono de Vainilla (T. Secundario),Maquina de Helados: 24 horas (reloj o etiqueta tiempo de vida),GUIA TIEMPOS DE VIDA PRIM Y SEC-1.pdf
T. de Vida,Toppings para sundae (T. Secundario),Toppinera en la máquina de helados: 7 días (reloj o etiqueta de tiempo de vida),GUIA TIEMPOS DE VIDA PRIM Y SEC-1.pdf
T. de Vida,M&M's (T. Secundario),Canister (dispensador) en la máquina de helados: 7 dias (reloj o etiqueta de tiempo de vida),GUIA TIEMPOS DE VIDA PRIM Y SEC-1.pdf
T. de Vida,Yoplait (T. Secundario),Refrigerador de mostrador: 24 horas (Reloj y/o etiqueta de tiempo de vida en el cambro),GUIA TIEMPOS DE VIDA PRIM Y SEC-1.pdf
T. de Vida,Panaderia (Muffins) (T. Secundario),En refrigeracion: 3 dias (incluyendo 12 de descongelacion) En vitrina: 12 hrs,GUIA TIEMPOS DE VIDA PRIM Y SEC-1.pdf
T. de Vida,Leche light (T. Secundario),En envase primario dentro de la jarra: 12 hrs. Jarra Frankie: 24hrs,GUIA TIEMPOS DE VIDA PRIM Y SEC-1.pdf
T. de Vida,Jugo de naranja/manzana (T. Secundario),Contenedor Bebidas y Postres: 7 días (Etiqueta tiempo de vida),GUIA TIEMPOS DE VIDA PRIM Y SEC-1.pdf
T. de Vida,Hielo (T. Secundario),Contenedor de hielo en mostrador: 4 horas (reloj y/o etiqueta de tiempo de vida),GUIA TIEMPOS DE VIDA PRIM Y SEC-1.pdf
T. de Vida,Café en Sobre (T. Secundario),jarra tradicional: 30 minutos jarra con sensor de temperatura: 1 hora,GUIA TIEMPOS DE VIDA PRIM Y SEC-1.pdf
T. de Vida,Café en Grano (T. Secundario),Granos en Frankie: 7 dias,GUIA TIEMPOS DE VIDA PRIM Y SEC-1.pdf
